INSERT INTO Institutions (institution_id, name) VALUES ('10000000-0000-0000-0000-000000000000', 'ITBA');
INSERT INTO Institutions (institution_id, name) VALUES ('10000000-0000-0000-0000-000000000001', 'UTN');

INSERT INTO Careers (career_id, name, institution_id) VALUES ('c0000000-0000-0000-0000-000000000000', 'Ingenieria Informatica', '10000000-0000-0000-0000-000000000000');
INSERT INTO Careers (career_id, name, institution_id) VALUES ('c0000000-0000-0000-0000-000000000001', 'Ingenieria Mecanica', '10000000-0000-0000-0000-000000000000');
INSERT INTO Careers (career_id, name, institution_id) VALUES ('c0000000-0000-0000-0000-000000000002', 'Ingenieria en Sistemas', '10000000-0000-0000-0000-000000000001');

INSERT INTO Subjects (subject_id, name, career_id) VALUES ('50000000-0000-0000-0000-000000000000', 'EDA', 'c0000000-0000-0000-0000-000000000000');
INSERT INTO Subjects (subject_id, name, career_id) VALUES ('50000000-0000-0000-0000-000000000001', 'PAW', 'c0000000-0000-0000-0000-000000000000');
INSERT INTO Subjects (subject_id, name, career_id) VALUES ('50000000-0000-0000-0000-000000000002', 'Mecanica Gral', 'c0000000-0000-0000-0000-000000000001');
INSERT INTO Subjects (subject_id, name, career_id) VALUES ('50000000-0000-0000-0000-000000000003', 'Dinamica de Fluidos', 'c0000000-0000-0000-0000-000000000001');
INSERT INTO Subjects (subject_id, name, career_id) VALUES ('50000000-0000-0000-0000-000000000004', 'Java Beans 101', 'c0000000-0000-0000-0000-000000000002');

INSERT INTO Users (user_id, email) VALUES ('00000000-0000-0000-0000-000000000000','pepe@itba.edu.ar');
INSERT INTO Users (user_id, email) VALUES ('00000000-0000-0000-0000-000000000001','jaimito@itba.edu.ar');

INSERT INTO Notes (note_id, name, user_id, category, subject_id) VALUES ('a0000000-0000-0000-0000-000000000000', 'guia 1 de eda', '00000000-0000-0000-0000-000000000000', 'practice', '50000000-0000-0000-0000-000000000000');
INSERT INTO Notes (note_id, name, user_id, category, subject_id) VALUES ('a0000000-0000-0000-0000-000000000001', 'Lucene - teoria', '00000000-0000-0000-0000-000000000000', 'theory', '50000000-0000-0000-0000-000000000000');
INSERT INTO Notes (note_id, name, user_id, category, subject_id) VALUES ('a0000000-0000-0000-0000-000000000002', 'MVC vs API REST', '00000000-0000-0000-0000-000000000000', 'theory', '50000000-0000-0000-0000-000000000001');
INSERT INTO Notes (note_id, name, user_id, category, subject_id) VALUES ('a0000000-0000-0000-0000-000000000003', 'Guia 1 - Cinematica', '00000000-0000-0000-0000-000000000000', 'practice', '50000000-0000-0000-0000-000000000002');
INSERT INTO Notes (note_id, name, user_id, category, subject_id) VALUES ('a0000000-0000-0000-0000-000000000004', 'Parcial 2 2018 - Dinamica de Fluidos', '00000000-0000-0000-0000-000000000000', 'exam', '50000000-0000-0000-0000-000000000003');
INSERT INTO Notes (note_id, name, user_id, category, subject_id) VALUES ('a0000000-0000-0000-0000-000000000005', 'Java Beans Everywhere', '00000000-0000-0000-0000-000000000000', 'theory', '50000000-0000-0000-0000-000000000004');

INSERT INTO Reviews (note_id, user_id, score) VALUES ('a0000000-0000-0000-0000-000000000000', '00000000-0000-0000-0000-000000000001', 3);
INSERT INTO Reviews (note_id, user_id, score) VALUES ('a0000000-0000-0000-0000-000000000000', '00000000-0000-0000-0000-000000000000', 4);
INSERT INTO Reviews (note_id, user_id, score) VALUES ('a0000000-0000-0000-0000-000000000005', '00000000-0000-0000-0000-000000000000', 5);
INSERT INTO Reviews (note_id, user_id, score) VALUES ('a0000000-0000-0000-0000-000000000001', '00000000-0000-0000-0000-000000000001', 1);

